<?xml version='1.0' encoding='UTF-8' standalone='yes'?>
<addon id="script.module.httplib2" name="httplib2" provider-name="Joe Gregorio" version="0.17.0+matrix.2">
  <requires>
  </requires>
  <extension library="lib" point="xbmc.python.module" />
  <extension point="xbmc.addon.metadata">
        <description lang="en_GB">httplib2 module</description>
        <summary lang="en_GB">httplib2 module</summary>
        <license>MIT</license>
        <platform>all</platform>
        <website>https://pypi.python.org/pypi/httplib2</website>
        <source>https://github.com/httplib2/httplib2</source>
        <assets>
          <icon>icon.png</icon>
        </assets>
   </extension>
</addon>
